{
  "pos_x": -383.30038,
  "pos_y": 4420.2134,
  "scale": 4.803717,
  "width": 1024,
  "height": 1024,
  "rotate": 0,
  "zoom": 0
}